"Confirmed","Deaths","Recovered","day_cont","province_country","day_100_cases","day_100","deaths_to_cases"
177,3,2,49,"California, US",48,1,1.69491525423729
221,4,6,50,"California, US",48,2,1.80995475113122
282,4,6,51,"California, US",48,3,1.41843971631206
340,5,6,52,"California, US",48,4,1.47058823529412
426,6,6,53,"California, US",48,5,1.40845070422535
557,7,6,54,"California, US",48,6,1.25673249551167
155,5,0,54,"Florida, US",53,1,3.2258064516129
698,12,6,55,"California, US",48,7,1.71919770773639
216,6,0,55,"Florida, US",53,2,2.77777777777778
751,13,0,56,"California, US",48,8,1.73102529960053
314,7,0,56,"Florida, US",53,3,2.22929936305732
173,3,0,56,"Texas, US",55,1,1.73410404624277
952,18,0,57,"California, US",48,9,1.89075630252101
417,9,0,57,"Florida, US",53,4,2.15827338129496
260,5,0,57,"Texas, US",55,2,1.92307692307692
150,0,0,57,"South Africa",56,1,0
1177,23,0,58,"California, US",48,10,1.95412064570943
563,10,0,58,"Florida, US",53,5,1.77619893428064
394,5,0,58,"Texas, US",55,3,1.26903553299492
202,0,0,58,"South Africa",56,2,0
1364,24,0,59,"California, US",48,11,1.75953079178886
659,13,0,59,"Florida, US",53,6,1.97268588770865
581,5,0,59,"Texas, US",55,4,0.860585197934595
240,0,0,59,"South Africa",56,3,0
158,4,3,59,"Argentina",58,1,2.53164556962025
266,4,27,60,"Argentina",58,2,1.50375939849624
274,0,2,60,"South Africa",56,4,0
1646,30,0,60,"California, US",48,12,1.82260024301337
1004,13,0,60,"Florida, US",53,7,1.29482071713147
643,7,0,60,"Texas, US",55,5,1.08864696734059
266,4,27,61,"Argentina",58,3,1.50375939849624
402,0,4,61,"South Africa",56,5,0
2108,39,0,61,"California, US",48,13,1.85009487666034
1227,18,0,61,"Florida, US",53,8,1.46699266503667
758,9,0,61,"Texas, US",55,6,1.18733509234828
387,6,52,62,"Argentina",58,4,1.55038759689922
554,0,4,62,"South Africa",56,6,0
2538,50,0,62,"California, US",48,14,1.97005516154452
1412,18,0,62,"Florida, US",53,9,1.27478753541076
955,12,0,62,"Texas, US",55,7,1.2565445026178
387,8,52,63,"Argentina",58,5,2.0671834625323
709,0,12,63,"South Africa",56,7,0
2998,65,0,63,"California, US",48,15,2.16811207471648
1682,23,0,63,"Florida, US",53,10,1.36741973840666
1229,15,0,63,"Texas, US",55,8,1.22050447518308
502,9,63,64,"Argentina",58,6,1.79282868525896
927,0,12,64,"South Africa",56,8,0
3899,81,0,64,"California, US",48,16,2.07745575788664
2357,29,0,64,"Florida, US",53,11,1.23037759864234
1563,21,0,64,"Texas, US",55,9,1.34357005758157
589,13,72,65,"Argentina",58,7,2.20713073005093
1170,1,31,65,"South Africa",56,9,0.0854700854700855
4657,94,0,65,"California, US",48,17,2.01846682413571
2900,35,0,65,"Florida, US",53,12,1.20689655172414
1937,26,0,65,"Texas, US",55,10,1.34228187919463
690,18,72,66,"Argentina",58,8,2.60869565217391
1187,1,31,66,"South Africa",56,10,0.08424599831508
5095,110,0,66,"California, US",48,18,2.15897939156035
3763,54,0,66,"Florida, US",53,13,1.43502524581451
2455,30,0,66,"Texas, US",55,11,1.22199592668024
745,19,72,67,"Argentina",58,9,2.5503355704698
1280,2,31,67,"South Africa",56,11,0.15625
5852,124,0,67,"California, US",48,19,2.11893369788107
4246,56,0,67,"Florida, US",53,14,1.31888836552049
2792,37,0,67,"Texas, US",55,12,1.32521489971347
820,23,228,68,"Argentina",58,10,2.80487804878049
1326,3,31,68,"South Africa",56,12,0.226244343891403
7138,146,0,68,"California, US",48,20,2.04539086578874
5473,63,0,68,"Florida, US",53,15,1.15110542663987
3147,45,0,68,"Texas, US",55,13,1.42993326978074
1054,27,240,69,"Argentina",58,11,2.56166982922201
1353,5,31,69,"South Africa",56,13,0.369549150036955
8210,173,0,69,"California, US",48,21,2.10718635809988
6741,85,0,69,"Florida, US",53,16,1.26094051327696
3809,54,0,69,"Texas, US",55,14,1.41769493305329
1054,28,248,70,"Argentina",58,12,2.65654648956357
1380,5,50,70,"South Africa",56,14,0.36231884057971
9399,199,0,70,"California, US",48,22,2.11724651558676
6956,87,0,70,"Florida, US",53,17,1.25071880391029
4355,66,0,70,"Texas, US",55,15,1.51549942594719
1133,36,256,71,"Argentina",58,13,3.17740511915269
1462,5,50,71,"South Africa",56,15,0.341997264021888
10773,238,0,71,"California, US",48,23,2.20922677063028
9008,164,0,71,"Florida, US",53,18,1.82060390763766
5069,77,0,71,"Texas, US",55,16,1.51903728546064
1265,39,266,72,"Argentina",58,14,3.08300395256917
1505,9,95,72,"South Africa",56,16,0.598006644518272
12004,265,0,72,"California, US",48,24,2.20759746751083
10268,170,0,72,"Florida, US",53,19,1.65562913907285
5734,100,0,72,"Texas, US",55,17,1.74398325776073
1451,43,279,73,"Argentina",58,15,2.96347346657478
1585,9,95,73,"South Africa",56,17,0.56782334384858
12837,289,0,73,"California, US",48,25,2.25130482199891
11537,195,0,73,"Florida, US",53,20,1.69021409378521
6567,116,0,73,"Texas, US",55,18,1.76640779655855
1451,44,280,74,"Argentina",58,16,3.03239145416954
1655,11,95,74,"South Africa",56,18,0.664652567975831
15034,348,0,74,"California, US",48,26,2.31475322602102
12350,221,0,74,"Florida, US",53,21,1.78947368421053
7209,136,0,74,"Texas, US",55,19,1.88653072548204
1554,48,325,75,"Argentina",58,17,3.08880308880309
1686,12,95,75,"South Africa",56,19,0.711743772241993
16019,380,0,75,"California, US",48,27,2.37218303264873
13324,236,0,75,"Florida, US",53,22,1.77123986790754
8043,150,0,75,"Texas, US",55,20,1.86497575531518
1628,56,338,76,"Argentina",58,18,3.43980343980344
1749,13,95,76,"South Africa",56,20,0.743281875357347
17351,432,0,76,"California, US",48,28,2.4897700420725
14545,283,0,76,"Florida, US",53,23,1.94568580268133
8925,160,0,76,"Texas, US",55,21,1.79271708683473
1715,63,358,77,"Argentina",58,19,3.6734693877551
1845,18,95,77,"South Africa",56,21,0.975609756097561
18897,495,0,77,"California, US",48,29,2.61946340688998
15456,309,0,77,"Florida, US",53,24,1.99922360248447
9777,189,0,77,"Texas, US",55,22,1.93310831543418
1795,72,365,78,"Argentina",58,20,4.01114206128134
1934,18,95,78,"South Africa",56,22,0.93071354705274
19710,544,0,78,"California, US",48,30,2.76002029426687
16364,354,0,78,"Florida, US",53,25,2.16328526032755
11208,210,0,78,"Texas, US",55,23,1.87366167023555
1975,82,375,79,"Argentina",58,21,4.15189873417722
2003,24,410,79,"South Africa",56,23,1.19820269595607
21081,583,0,79,"California, US",48,31,2.7655234571415
17531,390,0,79,"Florida, US",53,26,2.22463065426958
12105,238,0,79,"Texas, US",55,24,1.96612969847171
1975,83,440,80,"Argentina",58,22,4.20253164556962
2028,25,410,80,"South Africa",56,24,1.232741617357
21706,604,0,80,"California, US",48,32,2.78264074449461
18494,438,0,80,"Florida, US",53,27,2.3683356764356
13023,266,0,80,"Texas, US",55,25,2.04254012132381
2142,90,468,81,"Argentina",58,23,4.20168067226891
2173,25,410,81,"South Africa",56,25,1.15048320294524
22795,640,0,81,"California, US",48,33,2.80763325290634
19895,461,0,81,"Florida, US",53,28,2.31716511686353
13677,283,0,81,"Texas, US",55,26,2.06916721503254
2208,97,515,82,"Argentina",58,24,4.39311594202899
2272,27,410,82,"South Africa",56,26,1.18838028169014
23931,714,0,82,"California, US",48,34,2.98357778613514
21019,499,0,82,"Florida, US",53,29,2.37404253294638
14275,305,0,82,"Texas, US",55,27,2.13660245183888
2277,102,559,83,"Argentina",58,25,4.47957839262187
2415,27,410,83,"South Africa",56,27,1.11801242236025
25356,767,0,83,"California, US",48,35,3.02492506704528
21628,571,0,83,"Florida, US",53,30,2.64009617162937
15006,342,0,83,"Texas, US",55,28,2.27908836465414
2443,111,596,84,"Argentina",58,26,4.54359394187474
2506,34,410,84,"South Africa",56,28,1.35674381484437
26686,860,0,84,"California, US",48,36,3.22266356891254
22511,596,0,84,"Florida, US",53,31,2.64759450935098
15907,375,0,84,"Texas, US",55,29,2.35745269378261
2571,115,631,85,"Argentina",58,27,4.4729677168417
2605,48,903,85,"South Africa",56,29,1.8426103646833
27677,956,0,85,"California, US",48,37,3.45413158940637
23343,668,0,85,"Florida, US",53,32,2.8616715931971
16876,414,0,85,"Texas, US",55,30,2.45318795923205
2669,123,666,86,"Argentina",58,28,4.608467590858
2783,50,903,86,"South Africa",56,30,1.79662234998203
29157,1037,0,86,"California, US",48,38,3.55660733271599
24759,725,0,86,"Florida, US",53,33,2.92822811906781
17849,451,0,86,"Texas, US",55,31,2.52675219900275
2758,129,685,87,"Argentina",58,29,4.67730239303843
3034,52,903,87,"South Africa",56,31,1.7139090309822
30491,1140,0,87,"California, US",48,39,3.73880817290348
25492,748,0,87,"Florida, US",53,34,2.93425388357132
18704,476,0,87,"Texas, US",55,32,2.54491017964072
2839,132,709,88,"Argentina",58,30,4.64952448045086
3158,54,903,88,"South Africa",56,32,1.70994300189994
31431,1177,0,88,"California, US",48,40,3.74471063599631
26314,774,0,88,"Florida, US",53,35,2.94140001520103
19260,490,0,88,"Texas, US",55,33,2.54413291796469
2941,136,737,89,"Argentina",58,31,4.6242774566474
3300,58,1055,89,"South Africa",56,33,1.75757575757576
33686,1225,0,89,"California, US",48,41,3.63652555957965
27059,822,0,89,"Florida, US",53,36,3.03780627517647
19751,507,0,89,"Texas, US",55,34,2.56695863500582
3031,147,840,90,"Argentina",58,32,4.84988452655889
3465,58,1055,90,"South Africa",56,34,1.67388167388167
35465,1282,0,90,"California, US",48,42,3.61483152403778
27869,867,0,90,"Florida, US",53,37,3.11098353008719
20574,533,0,90,"Texas, US",55,35,2.59064839117333
3144,152,872,91,"Argentina",58,33,4.83460559796438
3635,65,1055,91,"South Africa",56,35,1.78817056396149
37344,1421,0,91,"California, US",48,43,3.80516281062554
28309,893,0,91,"Florida, US",53,38,3.15447384224098
21321,556,0,91,"Texas, US",55,36,2.60775760986821
3435,165,919,92,"Argentina",58,34,4.80349344978166
3953,75,1473,92,"South Africa",56,36,1.89729319504174
39561,1533,0,92,"California, US",48,44,3.87502843709714
29648,987,0,92,"Florida, US",53,39,3.32906098219104
22650,604,0,92,"Texas, US",55,37,2.66666666666667
3607,176,976,93,"Argentina",58,35,4.87940116440255
4220,79,1473,93,"South Africa",56,37,1.87203791469194
41355,1621,0,93,"California, US",48,45,3.91971950187402
30533,1046,0,93,"Florida, US",53,40,3.42580159172043
23642,624,0,93,"Texas, US",55,38,2.63937061162338
3780,185,1030,94,"Argentina",58,36,4.89417989417989
4361,86,1473,94,"South Africa",56,38,1.97202476496216
42368,1689,0,94,"California, US",48,46,3.98649924471299
30839,1055,0,94,"Florida, US",53,41,3.42099289860242
24153,638,0,94,"Texas, US",55,39,2.64149381029272
3892,192,1107,95,"Argentina",58,37,4.93319630010277
4546,87,1473,95,"South Africa",56,39,1.91377034755829
43558,1725,0,95,"California, US",48,47,3.96023692547867
31532,1075,0,95,"Florida, US",53,42,3.40923506279335
24967,651,0,95,"Texas, US",55,40,2.60744182320663
4003,197,1140,96,"Argentina",58,38,4.92130901823632
4793,90,1473,96,"South Africa",56,40,1.877738368454
44966,1779,0,96,"California, US",48,48,3.9563225548192
32138,1088,0,96,"Florida, US",53,43,3.38540046051403
25321,666,0,96,"Texas, US",55,41,2.6302278740966
4127,207,1162,97,"Argentina",58,39,5.01574993942331
4996,93,2073,97,"South Africa",56,41,1.86148919135308
46164,1864,0,97,"California, US",48,49,4.03777835542847
32848,1171,0,97,"Florida, US",53,44,3.56490501704822
26357,719,0,97,"Texas, US",55,42,2.72792806465076
4285,214,1192,98,"Argentina",58,40,4.99416569428238
5350,103,2073,98,"South Africa",56,42,1.92523364485981
48747,1946,0,98,"California, US",48,50,3.99204053582785
33193,1218,0,98,"Florida, US",53,45,3.66944837766999
27257,754,0,98,"Texas, US",55,43,2.7662618776828
4428,218,1256,99,"Argentina",58,41,4.92321589882565
5647,103,2073,99,"South Africa",56,43,1.82397733309722
50130,2031,0,99,"California, US",48,51,4.05146618791143
33690,1268,0,99,"Florida, US",53,46,3.76372810923123
28727,812,0,99,"Texas, US",55,44,2.82660911337766
4532,225,1292,100,"Argentina",58,42,4.96469549867608
5951,116,2382,100,"South Africa",56,44,1.94925222651655
52026,2126,0,100,"California, US",48,52,4.08641832929689
34728,1314,0,100,"Florida, US",53,47,3.78369039391845
29692,840,0,100,"Texas, US",55,45,2.8290448605685
4681,237,1320,101,"Argentina",58,43,5.06302072206793
6336,123,2549,101,"South Africa",56,45,1.94128787878788
53347,2180,0,101,"California, US",48,53,4.0864528464581
35463,1364,0,101,"Florida, US",53,48,3.84626230155373
30917,863,0,101,"Texas, US",55,46,2.79134456771356
4783,246,1354,102,"Argentina",58,44,5.14321555509095
6783,131,2549,102,"South Africa",56,46,1.9312988353236
54903,2216,0,102,"California, US",48,54,4.0362093146094
36078,1379,0,102,"Florida, US",53,49,3.82227396197128
31998,878,0,102,"Texas, US",55,47,2.74392149509344
4887,260,1442,103,"Argentina",58,45,5.32023736443626
7220,138,2746,103,"South Africa",56,47,1.91135734072022
55884,2278,0,103,"California, US",48,55,4.07630090902584
36897,1399,0,103,"Florida, US",53,50,3.7916361763829
32783,901,0,103,"Texas, US",55,48,2.74837568251838
5020,264,1472,104,"Argentina",58,46,5.2589641434263
7572,148,2746,104,"South Africa",56,48,1.95456946645536
58456,2381,0,104,"California, US",48,56,4.07314903517175
37439,1471,0,104,"Florida, US",53,51,3.9290579342397
33912,925,0,104,"Texas, US",55,49,2.7276480301958
5208,273,1524,105,"Argentina",58,47,5.24193548387097
7808,153,3153,105,"South Africa",56,49,1.95952868852459
60616,2464,0,105,"California, US",48,57,4.06493335093045
38002,1539,0,105,"Florida, US",53,52,4.04978685332351
34928,954,0,105,"Texas, US",55,50,2.7313330279432
5371,282,1601,106,"Argentina",58,48,5.2504189164029
8232,161,3153,106,"South Africa",56,50,1.95578231292517
62148,2535,0,106,"California, US",48,58,4.07897277466692
38828,1600,0,106,"Florida, US",53,53,4.12073761203255
36036,985,0,106,"Texas, US",55,51,2.73337773337773
5611,293,1659,107,"Argentina",58,49,5.22188558189271
8895,178,3153,107,"South Africa",56,51,2.00112422709387
63779,2613,0,107,"California, US",48,59,4.09695981435896
39199,1669,0,107,"Florida, US",53,54,4.25776167759382
37246,1025,0,107,"Texas, US",55,52,2.75197336626752
5776,300,1728,108,"Argentina",58,50,5.19390581717451
9420,186,3983,108,"South Africa",56,52,1.97452229299363
66558,2687,0,108,"California, US",48,60,4.03708044111902
40001,1715,0,108,"Florida, US",53,55,4.28739281517962
38394,1066,0,108,"Texas, US",55,53,2.77647549096213
6034,305,1757,109,"Argentina",58,51,5.05469008949287
10015,194,4173,109,"South Africa",56,53,1.93709435846231
67600,2716,0,109,"California, US",48,61,4.01775147928994
40596,1721,0,109,"Florida, US",53,56,4.23933392452458
39258,1094,0,109,"Texas, US",55,54,2.78669315808243
6278,314,1837,110,"Argentina",58,52,5.00159286396942
10652,206,4357,110,"South Africa",56,54,1.93390912504694
69329,2779,0,110,"California, US",48,62,4.00842360339829
40982,1735,0,110,"Florida, US",53,57,4.23356595578547
40555,1117,0,110,"Texas, US",55,55,2.75428430526446
6563,319,1862,111,"Argentina",58,53,4.86058205089136
11350,206,4357,111,"South Africa",56,55,1.81497797356828
70978,2879,0,111,"California, US",48,63,4.05618642396235
41923,1779,0,111,"Florida, US",53,58,4.24349402475968
41432,1146,0,111,"Texas, US",55,56,2.76597798802858
6879,329,2266,112,"Argentina",58,54,4.78267189998546
12074,219,4745,112,"South Africa",56,56,1.81381480867981
72798,2957,0,112,"California, US",48,64,4.06192477815325
42402,1827,0,112,"Florida, US",53,59,4.30875902080091
43020,1172,0,112,"Texas, US",55,57,2.72431427243143
7134,353,2385,113,"Argentina",58,55,4.94813568825343
12739,238,5676,113,"South Africa",56,57,1.86827851479708
74871,3052,0,113,"California, US",48,65,4.07634464612467
43210,1875,0,113,"Florida, US",53,60,4.33927331636195
44480,1235,0,113,"Texas, US",55,58,2.77652877697842
7479,356,2497,114,"Argentina",58,56,4.7599946516914
13524,247,6083,114,"South Africa",56,58,1.82638272700385
76693,3136,0,114,"California, US",48,66,4.08903028959618
44138,1917,0,114,"Florida, US",53,61,4.34319633875572
45721,1280,0,114,"Texas, US",55,59,2.79958881039347
7805,363,2534,115,"Argentina",58,57,4.65086483023703
14355,261,6478,115,"South Africa",56,59,1.81818181818182
78725,3208,0,115,"California, US",48,67,4.07494442680216
44811,1964,0,115,"Florida, US",53,62,4.38285242462788
47452,1318,0,115,"Texas, US",55,60,2.77754362302959
8068,373,2569,116,"Argentina",58,58,4.6232027764006
15515,264,7006,116,"South Africa",56,60,1.70157911698356
80166,3240,0,116,"California, US",48,68,4.04161365167278
45588,1973,0,116,"Florida, US",53,63,4.32789330525577
48396,1343,0,116,"Texas, US",55,61,2.77502272915117
8371,382,2625,117,"Argentina",58,59,4.56337355154701
16433,286,7298,117,"South Africa",56,61,1.7404004138015
81457,3279,0,117,"California, US",48,69,4.02543673349129
46442,1997,0,117,"Florida, US",53,64,4.29998708065975
49177,1350,0,117,"Texas, US",55,62,2.7451857575696
8809,393,2872,118,"Argentina",58,60,4.46134635032353
17200,312,7960,118,"South Africa",56,62,1.81395348837209
83752,3403,0,118,"California, US",48,70,4.06318655076894
46944,2052,0,118,"Florida, US",53,65,4.37116564417178
50552,1388,0,118,"Texas, US",55,63,2.74568760879886
9283,403,2933,119,"Argentina",58,61,4.34126898631908
18003,339,8950,119,"South Africa",56,63,1.88301949675054
85997,3497,0,119,"California, US",48,71,4.06642092166006
47471,2096,0,119,"Florida, US",53,66,4.4153272524278
51673,1426,0,119,"Texas, US",55,64,2.75966171888607
9931,416,3032,120,"Argentina",58,62,4.18890343369248
19137,369,8950,120,"South Africa",56,64,1.92820191252547
88031,3583,0,120,"California, US",48,72,4.07015710374754
48675,2144,0,120,"Florida, US",53,67,4.40472521828454
73739,5558,0,120,"Sao Paulo, Brazil",119,1,7.53739540812867
53053,1460,0,120,"Texas, US",55,65,2.75196501611596
10649,433,3062,121,"Argentina",58,63,4.06610949384919
20125,397,10104,121,"South Africa",56,65,1.97267080745342
90252,3666,0,121,"California, US",48,73,4.06195984576519
49451,2190,0,121,"Florida, US",53,68,4.42862631696022
76871,5773,0,121,"Sao Paulo, Brazil",119,2,7.50998425934358
53539,1470,0,121,"Texas, US",55,66,2.74566204075534
11353,445,3530,122,"Argentina",58,64,3.91966881000617
21343,407,10104,122,"South Africa",56,66,1.90694841399991
92539,3738,0,122,"California, US",48,74,4.03937799198176
50127,2233,0,122,"Florida, US",53,69,4.45468509984639
80558,6045,0,122,"Sao Paulo, Brazil",119,3,7.50391022617245
54776,1478,0,122,"Texas, US",55,67,2.69826201256025
12076,452,3732,123,"Argentina",58,65,3.74296124544551
22583,429,11100,123,"South Africa",56,67,1.89965903555772
94020,3754,0,123,"California, US",48,75,3.99276749627739
50867,2237,0,123,"Florida, US",53,70,4.39774313405548
82161,6163,0,123,"Sao Paulo, Brazil",119,4,7.50112583829311
55861,1528,0,123,"Texas, US",55,68,2.73536098530281
12628,467,3999,124,"Argentina",58,66,3.69813113715553
23615,481,11917,124,"South Africa",56,68,2.03684099089562
96400,3769,0,124,"California, US",48,76,3.9097510373444
51746,2252,0,124,"Florida, US",53,71,4.35202720983264
83625,6220,0,124,"Sao Paulo, Brazil",119,5,7.43796711509716
56409,1533,0,124,"Texas, US",55,69,2.71765143860022
13228,484,4167,125,"Argentina",58,67,3.65890535228304
24264,524,12741,125,"South Africa",56,69,2.15957797560171
99387,3819,0,125,"California, US",48,77,3.84255486129977
52255,2259,0,125,"Florida, US",53,72,4.32303128887188
86017,6423,0,125,"Sao Paulo, Brazil",119,6,7.46712859085995
57230,1546,0,125,"Texas, US",55,70,2.70138039489778
13933,500,4349,126,"Argentina",58,68,3.58860259814828
25937,552,13451,126,"South Africa",56,70,2.12823379727802
101050,3895,0,126,"California, US",48,78,3.85452746165265
52634,2319,0,126,"Florida, US",53,73,4.40589732872288
89483,6712,0,126,"Sao Paulo, Brazil",119,7,7.50086608629572
58542,1581,0,126,"Texas, US",55,71,2.70062519216972
14702,508,4617,127,"Argentina",58,69,3.45531220242144
27403,577,14370,127,"South Africa",56,71,2.1056088749407
103813,3993,0,127,"California, US",48,79,3.84633909048
53285,2364,0,127,"Florida, US",53,74,4.43652059679084
95865,6980,0,127,"Sao Paulo, Brazil",119,8,7.2810723413133
60395,1611,0,127,"Texas, US",55,72,2.66743935756271
15419,520,4788,128,"Argentina",58,70,3.37246254620922
29240,611,15093,128,"South Africa",56,72,2.08960328317373
106622,4077,0,128,"California, US",48,80,3.82378871152295
54497,2413,0,128,"Florida, US",53,75,4.42776666605501
101556,7275,0,128,"Sao Paulo, Brazil",119,9,7.16353538934184
60901,1619,0,128,"Texas, US",55,73,2.65841283394361
16214,528,4788,129,"Argentina",58,71,3.25644504748982
30967,643,16116,129,"South Africa",56,73,2.07640391384377
109895,4144,0,129,"California, US",48,81,3.77087219618727
55424,2447,0,129,"Florida, US",53,76,4.41505484988453
107142,7532,0,129,"Sao Paulo, Brazil",119,10,7.02992290604992
62675,1652,0,129,"Texas, US",55,74,2.63581970482649
16851,539,5336,130,"Argentina",58,72,3.19862322710818
32683,683,16809,130,"South Africa",56,74,2.08977144081021
111951,4172,0,130,"California, US",48,82,3.72663040080035
56163,2451,0,130,"Florida, US",53,77,4.3640831152182
109698,7615,0,130,"Sao Paulo, Brazil",119,11,6.94178562963773
64652,1675,0,130,"Texas, US",55,75,2.59079378828188
17415,556,5521,131,"Argentina",58,73,3.19265001435544
34357,705,17291,131,"South Africa",56,75,2.05198358413133
114733,4217,0,131,"California, US",48,83,3.67549005081363
56830,2460,0,131,"Florida, US",53,78,4.32869963047686
111296,7667,0,131,"Sao Paulo, Brazil",119,12,6.88883697527315
65593,1683,0,131,"Texas, US",55,76,2.56582257253061
18319,569,5709,132,"Argentina",58,74,3.10606474152519
35812,755,18313,132,"South Africa",56,76,2.10823187758293
117215,4305,0,132,"California, US",48,84,3.67273813078531
57447,2530,0,132,"Florida, US",53,79,4.40405939387609
118295,7994,0,132,"Sao Paulo, Brazil",119,13,6.75768206602139
67310,1716,0,132,"Texas, US",55,77,2.54939830634378
19268,583,5896,133,"Argentina",58,75,3.0257421631721
37525,792,19682,133,"South Africa",56,77,2.11059293804131
119348,4374,0,133,"California, US",48,85,3.6649126922948
58764,2566,0,133,"Florida, US",53,80,4.36661901844667
123483,8276,0,133,"Sao Paulo, Brazil",119,14,6.70213713628597
68877,1744,0,133,"Texas, US",55,78,2.53204988602872
20197,608,5993,134,"Argentina",58,76,3.01034807149577
40792,848,21311,134,"South Africa",56,78,2.07883898803687
122168,4444,0,134,"California, US",48,86,3.63761377774867
60183,2607,0,134,"Florida, US",53,81,4.3317880464583
129200,8560,0,134,"Sao Paulo, Brazil",119,15,6.62538699690402
70555,1776,0,134,"Texas, US",55,79,2.51718517468642
21037,632,6088,135,"Argentina",58,77,3.00423064125113
43434,908,23088,135,"South Africa",56,79,2.0905281576645
125738,4529,0,135,"California, US",48,87,3.60193418059775
61488,2660,0,135,"Florida, US",53,82,4.32604735883424
134565,8842,0,135,"Sao Paulo, Brazil",119,16,6.57080221454316
72548,1812,0,135,"Texas, US",55,80,2.49765672382423
22020,648,6180,136,"Argentina",58,78,2.94277929155313
45973,952,24258,136,"South Africa",56,80,2.07078067561395
128593,4607,0,136,"California, US",48,88,3.58262113800907
62758,2688,0,136,"Florida, US",53,83,4.28311928359731
140549,9058,0,136,"Sao Paulo, Brazil",119,17,6.44472746159702
74470,1833,0,136,"Texas, US",55,81,2.46139384987243
22794,664,6909,137,"Argentina",58,79,2.91304729314732
48285,998,24364,137,"South Africa",56,81,2.06689448068758
130615,4632,0,137,"California, US",48,89,3.54630019523026
63938,2700,0,137,"Florida, US",53,84,4.22284087709969
143073,9145,0,137,"Sao Paulo, Brazil",119,18,6.39184192684853
75408,1841,0,137,"Texas, US",55,82,2.4413855293868
23620,693,7305,138,"Argentina",58,80,2.93395427603726
50879,1080,26099,138,"South Africa",56,82,2.12268322883704
133816,4657,0,138,"California, US",48,90,3.48015185030191
64904,2712,0,138,"Florida, US",53,85,4.17847898434611
144593,9188,49295,138,"Sao Paulo, Brazil",119,19,6.35438783343592
76463,1848,0,138,"Texas, US",55,83,2.41685521101709
24761,717,7568,139,"Argentina",58,81,2.89568272686887
52991,1162,29006,139,"South Africa",56,83,2.19282519673152
136641,4745,0,139,"California, US",48,91,3.47260339136862
66000,2765,0,139,"Florida, US",53,86,4.18939393939394
150138,9522,49295,139,"Sao Paulo, Brazil",119,20,6.34216520800863
78208,1867,0,139,"Texas, US",55,84,2.38722381342062
25987,735,7991,140,"Argentina",58,82,2.82833724554585
55421,1210,31505,140,"South Africa",56,84,2.18328792335035
139715,4854,0,140,"California, US",48,92,3.4742153669971
67371,2801,0,140,"Florida, US",53,87,4.15757521782369
156316,9862,49295,140,"Sao Paulo, Brazil",119,21,6.30901507203357
80777,1905,0,140,"Texas, US",55,85,2.35834457828342
27373,765,8332,141,"Argentina",58,83,2.79472472874731
58568,1284,33252,141,"South Africa",56,85,2.19232345308018
5429,80,3048,141,"Andhra Pradesh, India",140,1,1.4735678762203
143377,4934,0,141,"California, US",48,93,3.44127719229723
69069,2848,0,141,"Florida, US",53,88,4.12341281906499
97648,3590,46078,141,"Maharashtra, India",140,1,3.67647058823529
162520,10145,49295,141,"Sao Paulo, Brazil",119,22,6.24230863893675
82658,1930,0,141,"Texas, US",55,86,2.33492220958649
28764,785,8743,142,"Argentina",58,84,2.72910582672785
61927,1354,35006,142,"South Africa",56,86,2.18644533079271
5429,80,3048,142,"Andhra Pradesh, India",140,2,1.4735678762203
146659,4978,0,142,"California, US",48,94,3.39426833675397
70971,2877,0,142,"Florida, US",53,89,4.05376844063068
97648,3590,46078,142,"Maharashtra, India",140,2,3.67647058823529
167900,10368,49295,142,"Sao Paulo, Brazil",119,23,6.17510422870756
84927,1956,0,142,"Texas, US",55,87,2.30315447384224
30295,815,9083,143,"Argentina",58,85,2.6902129064202
65736,1423,36850,143,"South Africa",56,87,2.16471948399659
5680,80,3105,143,"Andhra Pradesh, India",140,3,1.40845070422535
150018,5076,0,143,"California, US",48,95,3.38359396872375
73552,2925,0,143,"Florida, US",53,90,3.97677833369589
101141,3717,47796,143,"Maharashtra, India",140,3,3.6750674800526
172875,10581,49295,143,"Sao Paulo, Brazil",119,24,6.12060737527115
86915,1971,0,143,"Texas, US",55,88,2.26773284243226
31577,833,9564,144,"Argentina",58,86,2.63799600975393
70038,1480,38531,144,"South Africa",56,88,2.11313858191268
5965,82,3195,144,"Andhra Pradesh, India",140,4,1.37468566638726
152300,5099,0,144,"California, US",48,96,3.34799737360473
75568,2931,0,144,"Florida, US",53,91,3.87862587338556
104568,3830,49346,144,"Maharashtra, India",140,4,3.662688394155
178202,10694,49295,144,"Sao Paulo, Brazil",119,25,6.0010549825479
88523,1984,0,144,"Texas, US",55,89,2.24122544423483
32785,854,9891,145,"Argentina",58,87,2.60484977886228
73533,1568,39867,145,"South Africa",56,89,2.13237594005413
6456,88,3316,145,"Andhra Pradesh, India",140,5,1.36307311028501
155726,5114,0,145,"California, US",48,97,3.28397313229647
77326,2938,0,145,"Florida, US",53,92,3.79949822828027
110744,4128,56049,145,"Maharashtra, India",140,5,3.72751571191216
181460,10767,49295,145,"Sao Paulo, Brazil",119,26,5.93353907197178
90211,2001,0,145,"Texas, US",55,90,2.21813304364213
34159,878,10174,146,"Argentina",58,88,2.57033285517726
76334,1625,42063,146,"South Africa",56,90,2.12880236853827
6841,88,3509,146,"Andhra Pradesh, India",140,6,1.28636164303464
158961,5200,0,146,"California, US",48,98,3.27124263184051
80109,2993,0,146,"Florida, US",53,93,3.73615948270482
113445,5537,57851,146,"Maharashtra, India",140,6,4.88077923222707
190285,11132,49295,146,"Sao Paulo, Brazil",119,27,5.85017211025567
93569,2049,0,146,"Texas, US",55,91,2.18982782759247
35552,913,10512,147,"Argentina",58,89,2.56806930693069
80412,1674,44331,147,"South Africa",56,91,2.08177883897926
7071,90,3641,147,"Andhra Pradesh, India",140,7,1.27280441238863
162798,5271,0,147,"California, US",48,99,3.23775476357203
82719,3018,0,147,"Florida, US",53,94,3.64849671780365
116752,5651,59166,147,"Maharashtra, India",140,7,4.84017404412772
191517,11521,49295,147,"Sao Paulo, Brazil",119,28,6.01565396283359
97699,2089,0,147,"Texas, US",55,92,2.13819998157607
37510,948,10721,148,"Argentina",58,90,2.52732604638763
83890,1737,44920,148,"South Africa",56,92,2.07056860174037
7518,92,3789,148,"Andhra Pradesh, India",140,8,1.22372971534983
167086,5355,0,148,"California, US",48,100,3.20493638006775
85926,3061,0,148,"Florida, US",53,95,3.5623676186486
120504,5751,60838,148,"Maharashtra, India",140,8,4.7724556861183
192628,11846,49295,148,"Sao Paulo, Brazil",119,29,6.14967709782586
101259,2129,0,148,"Texas, US",55,93,2.10252915790201
39570,979,11851,149,"Argentina",58,91,2.47409653778115
87715,1831,47825,149,"South Africa",56,93,2.08744228467195
7961,96,3917,149,"Andhra Pradesh, India",140,9,1.20587865845999
170862,5426,0,149,"California, US",48,101,3.17566223033793
89748,3104,0,149,"Florida, US",53,96,3.45857289298926
124331,5893,62773,149,"Maharashtra, India",140,9,4.73976723423764
211658,12232,49295,149,"Sao Paulo, Brazil",119,30,5.77913426376513
105394,2158,0,149,"Texas, US",55,94,2.04755488927263
41204,992,12206,150,"Argentina",58,92,2.40753324919911
92681,1877,50326,150,"South Africa",56,94,2.02522631391547
8452,101,4111,150,"Andhra Pradesh, India",140,10,1.19498343587317
175213,5494,0,150,"California, US",48,102,3.13561208357827
93797,3144,0,150,"Florida, US",53,97,3.35191957098841
128205,5984,64153,150,"Maharashtra, India",140,10,4.66752466752467
211658,12494,49295,150,"Sao Paulo, Brazil",119,31,5.90291885966985
109581,2183,0,150,"Texas, US",55,95,1.99213367280824
42785,1011,12728,151,"Argentina",58,93,2.36297767909314
97302,1930,51608,151,"South Africa",56,95,1.98351524120779
8999,106,4331,151,"Andhra Pradesh, India",140,11,1.17790865651739
178546,5515,0,151,"California, US",48,103,3.08883985079475
97291,3161,0,151,"Florida, US",53,98,3.2490158390807
132075,6170,65744,151,"Maharashtra, India",140,11,4.67158811281469
219185,12588,49295,151,"Sao Paulo, Brazil",119,32,5.74309373360403
112944,2191,0,151,"Texas, US",55,96,1.93989941918119
44931,1043,13153,152,"Argentina",58,94,2.3213371614253
101590,1991,53444,152,"South Africa",56,96,1.95983856678807
9372,111,4495,152,"Andhra Pradesh, India",140,12,1.18437900128041
184765,5566,0,152,"California, US",48,104,3.01247530647038
100217,3173,0,152,"Florida, US",53,99,3.1661294989872
135796,6283,67706,152,"Maharashtra, India",140,12,4.62679313087278
221973,12634,49295,152,"Sao Paulo, Brazil",119,33,5.6916832227343
117790,2207,0,152,"Texas, US",55,97,1.87367348671364
47203,1078,13576,153,"Argentina",58,95,2.28375315128276
106108,2102,55045,153,"South Africa",56,97,1.98100049006672
10002,119,4599,153,"Andhra Pradesh, India",140,13,1.18976204759048
191477,5626,0,153,"California, US",48,105,2.93821190012377
103503,3238,0,153,"Florida, US",53,100,3.12841173685787
139010,6531,69631,153,"Maharashtra, India",140,13,4.69822314941371
229475,13068,49295,153,"Sao Paulo, Brazil",119,34,5.69473798888768
122932,2236,0,153,"Texas, US",55,98,1.81889174502977
49851,1116,13816,154,"Argentina",58,96,2.23867124029608
111796,2205,56874,154,"South Africa",56,98,1.97234248094744
10331,124,4779,154,"Andhra Pradesh, India",140,14,1.20027102894202
195925,5725,0,154,"California, US",48,106,2.92203649355621
109014,3281,0,154,"Florida, US",53,101,3.00970517548205
142900,6739,73792,154,"Maharashtra, India",140,14,4.71588523442967
238822,13352,49295,154,"Sao Paulo, Brazil",119,35,5.59077471924697
128132,2270,0,154,"Texas, US",55,99,1.7716105266444
52457,1150,14788,155,"Argentina",58,97,2.19227176544598
118375,2292,59974,155,"South Africa",56,99,1.93621964097149
10884,136,4988,155,"Andhra Pradesh, India",140,15,1.24954061006983
201112,5806,0,155,"California, US",48,107,2.88694856597319
114018,3327,0,155,"Florida, US",53,102,2.91796032205441
147741,6931,77453,155,"Maharashtra, India",140,15,4.69131791445841
248587,13759,49295,155,"Sao Paulo, Brazil",119,36,5.53488315961816
134558,2317,0,155,"Texas, US",55,100,1.72193403588044
55343,1184,18416,156,"Argentina",58,98,2.13938528811232
124590,2340,64111,156,"South Africa",56,100,1.87816036600048
11489,148,5196,156,"Andhra Pradesh, India",140,16,1.28818870223692
206844,5868,0,156,"California, US",48,108,2.83692057782677
122960,3366,0,156,"Florida, US",53,103,2.73747560182173
152765,7106,79815,156,"Maharashtra, India",140,16,4.6515890419926
258508,13966,49295,156,"Sao Paulo, Brazil",119,37,5.40254073374905
140173,2354,0,156,"Texas, US",55,101,1.67935337047791
57744,1207,19143,157,"Argentina",58,99,2.09026045996121
131800,2413,67094,157,"South Africa",56,101,1.83080424886191
12285,157,5480,157,"Andhra Pradesh, India",140,17,1.27798127798128
210584,5899,0,157,"California, US",48,109,2.8012574554572
132545,3390,0,157,"Florida, US",53,104,2.55762193971859
159133,7273,84245,157,"Maharashtra, India",140,17,4.57039080517554
265581,14263,49295,157,"Sao Paulo, Brazil",119,38,5.37048960580764
145894,2388,0,157,"Texas, US",55,102,1.63680480348746
59933,1232,20134,158,"Argentina",58,100,2.05562878547712
138134,2456,68925,158,"South Africa",56,102,1.77798369698988
13241,169,5908,158,"Andhra Pradesh, India",140,18,1.27633864511744
215296,5932,0,158,"California, US",48,110,2.75527645659929
141075,3419,0,158,"Florida, US",53,105,2.42353358142832
164626,7429,86575,158,"Maharashtra, India",140,18,4.51265292238164
271737,14338,49295,158,"Sao Paulo, Brazil",119,39,5.27642536717488
150152,2402,0,158,"Texas, US",55,103,1.59971229154457
62268,1280,21138,159,"Argentina",58,101,2.05563050041755
144264,2529,70614,159,"South Africa",56,103,1.75303610048245
13891,180,6232,159,"Andhra Pradesh, India",140,19,1.29580303793823
223646,5983,0,159,"California, US",48,111,2.67520992997863
146341,3447,0,159,"Florida, US",53,106,2.35545745894862
169883,7610,88960,159,"Maharashtra, India",140,19,4.47955357510757
275145,14398,49295,159,"Sao Paulo, Brazil",119,40,5.23287721019826
156706,2416,0,159,"Texas, US",55,104,1.54174058427884
64530,1307,22028,160,"Argentina",58,102,2.02541453587479
151209,2657,73543,160,"South Africa",56,104,1.75717053879068
14595,187,6511,160,"Andhra Pradesh, India",140,20,1.28126070572114
231232,6082,0,160,"California, US",48,112,2.63025878771104
152434,3505,0,160,"Florida, US",53,107,2.29935578676673
174761,7855,90911,160,"Maharashtra, India",140,20,4.49470991811674
281380,14763,49295,160,"Sao Paulo, Brazil",119,41,5.24664155234914
163060,2455,0,160,"Texas, US",55,105,1.50558076781553
67197,1351,23040,161,"Argentina",58,103,2.01050642141762
159333,2749,76025,161,"South Africa",56,105,1.72531741698204
15252,193,6988,161,"Andhra Pradesh, India",140,21,1.26540781536848
238681,6169,0,161,"California, US",48,113,2.58462131464172
158997,3550,0,161,"Florida, US",53,108,2.23274652980874
180298,8053,93154,161,"Maharashtra, India",140,21,4.46649435933843
289935,15030,157845,161,"Sao Paulo, Brazil",119,42,5.18392053391277
172368,2503,0,161,"Texas, US",55,106,1.45212568458182
69941,1385,24186,162,"Argentina",58,104,1.98024048841166
168061,2844,81999,162,"South Africa",56,106,1.69224269759195
16097,198,7313,162,"Andhra Pradesh, India",140,22,1.23004286513015
246550,6265,0,162,"California, US",48,114,2.5410667207463
169106,3617,0,162,"Florida, US",53,109,2.13889513086466
186626,8178,101172,162,"Maharashtra, India",140,22,4.38202608425407
302179,15351,162851,162,"Sao Paulo, Brazil",119,43,5.08010152922605
179137,2542,0,162,"Texas, US",55,107,1.41902566192356
72786,1437,25224,163,"Argentina",58,105,1.97428076827961
177124,2952,86298,163,"South Africa",56,107,1.66662902825139
16934,206,7632,163,"Andhra Pradesh, India",140,23,1.21648753986064
250514,6315,0,163,"California, US",48,115,2.52081719983713
178594,3684,0,163,"Florida, US",53,110,2.06277926470094
192990,8376,104687,163,"Maharashtra, India",140,23,4.34012124980569
310702,15694,162851,163,"Sao Paulo, Brazil",119,44,5.05114225206146
185591,2592,0,163,"Texas, US",55,108,1.39661944814134
75376,1481,25930,164,"Argentina",58,106,1.96481638717894
187977,3026,91227,164,"South Africa",56,108,1.6097714082042
17699,218,8008,164,"Andhra Pradesh, India",140,24,1.23170800610204
252895,6334,0,164,"California, US",48,116,2.50459676941023
190052,3702,0,164,"Florida, US",53,111,1.94788794645676
200064,8671,108082,164,"Maharashtra, India",140,24,4.33411308381318
312530,15996,162851,164,"Sao Paulo, Brazil",119,45,5.11822865004959
192153,2607,0,164,"Texas, US",55,109,1.35673135470172
77815,1507,27597,165,"Argentina",58,107,1.9366446057958
196750,3199,93315,165,"South Africa",56,109,1.62592121982211
18697,232,8422,165,"Andhra Pradesh, India",140,25,1.24084077659518
264681,6373,0,165,"California, US",48,117,2.40780411136425
200111,3731,0,165,"Florida, US",53,112,1.8644652218019
206619,8822,111740,165,"Maharashtra, India",140,25,4.26969446178715
320179,16078,175439,165,"Sao Paulo, Brazil",119,46,5.02156606148436
194932,2628,0,165,"Texas, US",55,110,1.34816243613157
80447,1582,28531,166,"Argentina",58,108,1.96651211356545
205721,3310,97848,166,"South Africa",56,110,1.60897526261296
20019,239,8920,166,"Andhra Pradesh, India",140,26,1.19386582746391
271035,6441,0,166,"California, US",48,118,2.37644584647739
206447,3778,0,166,"Florida, US",53,113,1.83000963927788
211987,9026,115262,166,"Maharashtra, India",140,26,4.25780826182738
323070,16134,176494,166,"Sao Paulo, Brazil",119,47,4.99396415637478
205642,2677,0,166,"Texas, US",55,111,1.30177687437391
83426,1644,30095,167,"Argentina",58,109,1.97060868314434
215855,3502,102299,167,"South Africa",56,111,1.62238539760487
21197,252,9745,167,"Andhra Pradesh, India",140,27,1.18884747841676
284012,6573,0,167,"California, US",48,119,2.31433883075363
213794,3841,0,167,"Florida, US",53,114,1.79658924010964
217121,9250,118558,167,"Maharashtra, India",140,27,4.26029725360513
332708,16475,194958,167,"Sao Paulo, Brazil",119,48,4.95178955720932
216026,2778,0,167,"Texas, US",55,112,1.28595632007258
87030,1694,36502,168,"Argentina",58,110,1.94645524531771
224665,3602,106842,168,"South Africa",56,112,1.60327598869428
22259,264,11101,168,"Andhra Pradesh, India",140,28,1.18603710858529
292560,6718,0,168,"California, US",48,120,2.29628110473065
223783,3889,0,168,"Florida, US",53,115,1.73784425090378
223724,9448,123192,168,"Maharashtra, India",140,28,4.22306055675743
341365,16788,199005,168,"Sao Paulo, Brazil",119,49,4.91790312422187
224929,2875,0,168,"Texas, US",55,113,1.2781811149296
90693,1720,38313,169,"Argentina",58,111,1.89650799951485
238339,3720,113061,169,"South Africa",56,113,1.56080205086033
23814,277,12154,169,"Andhra Pradesh, India",140,29,1.16318132191148
302484,6859,0,169,"California, US",48,121,2.26755795347853
232718,4009,0,169,"Florida, US",53,116,1.72268582576337
230599,9667,127259,169,"Maharashtra, India",140,29,4.19212572474295
349715,17118,202967,169,"Sao Paulo, Brazil",119,50,4.89484294353974
236541,3006,0,169,"Texas, US",55,114,1.27081563027128
94060,1774,38984,170,"Argentina",58,112,1.88603019349351
250687,3860,118232,170,"South Africa",56,114,1.53976871556961
25422,292,13194,170,"Andhra Pradesh, India",140,30,1.14861143891118
310885,6955,0,170,"California, US",48,122,2.23716165141451
244151,4102,0,170,"Florida, US",53,117,1.68010780213884
238461,9893,132625,170,"Maharashtra, India",140,30,4.14868678735726
359110,17442,204531,170,"Sao Paulo, Brazil",119,51,4.85700760212748
244756,3062,0,170,"Texas, US",55,115,1.25104185392799
97509,1810,41408,171,"Argentina",58,113,1.85623891127998
264184,3971,127715,171,"South Africa",56,115,1.50311903824607
27235,309,14393,171,"Andhra Pradesh, India",140,31,1.13456948779144
318761,7027,0,171,"California, US",48,123,2.20447294367881
254511,4197,0,171,"Florida, US",53,118,1.64904463854215
246600,10116,136985,171,"Maharashtra, India",140,31,4.1021897810219
366890,17702,211777,171,"Sao Paulo, Brazil",119,52,4.82487939164327
254415,3138,0,171,"Texas, US",55,116,1.23341784092919
100166,1845,42694,172,"Argentina",58,114,1.84194237565641
276242,4079,134874,172,"South Africa",56,116,1.47660384735124
29168,328,15412,172,"Andhra Pradesh, India",140,32,1.12452002194185
324543,7051,0,172,"California, US",48,124,2.17259346219145
269811,4242,0,172,"Florida, US",53,119,1.5722116592726
254427,10289,140325,172,"Maharashtra, India",140,32,4.04398904204349
371997,17848,220974,172,"Sao Paulo, Brazil",119,53,4.797888155012
262762,3216,0,172,"Texas, US",55,117,1.22392126715431
103265,1903,44173,173,"Argentina",58,115,1.8428315498959
287796,4172,138241,173,"South Africa",56,117,1.44963793798385
31103,365,16464,173,"Andhra Pradesh, India",140,33,1.17352023920522
333357,7089,0,173,"California, US",48,125,2.12654901501993
282435,4277,0,173,"Florida, US",53,120,1.51433073096465
260924,10482,144507,173,"Maharashtra, India",140,33,4.01726173138538
374607,17907,230680,173,"Sao Paulo, Brazil",119,54,4.78020965972339
269778,3276,0,173,"Texas, US",55,118,1.21433178391122
106910,1968,45467,174,"Argentina",58,116,1.84080067346366
298292,4346,146279,174,"South Africa",56,118,1.45696163490808
33019,408,17467,174,"Andhra Pradesh, India",140,34,1.23565220024834
346211,7250,0,174,"California, US",48,126,2.09409868548371
291629,4409,0,174,"Florida, US",53,121,1.51185238779408
267665,10695,149007,174,"Maharashtra, India",140,34,3.99566622457176
386607,18324,240184,174,"Sao Paulo, Brazil",119,55,4.73969690150463
279577,3362,0,174,"Texas, US",55,119,1.20253096642428
111146,2050,47298,175,"Argentina",58,117,1.84442085185252
311049,4453,160693,175,"South Africa",56,119,1.43160723873088
35451,452,18378,175,"Andhra Pradesh, India",140,35,1.27499929480127
354885,7375,0,175,"California, US",48,127,2.07813798836243
301810,4521,0,175,"Florida, US",53,122,1.49796229415858
275640,10928,152613,175,"Maharashtra, India",140,35,3.9645914961544
393176,18640,246941,175,"Sao Paulo, Brazil",119,56,4.7408794026085
289837,3498,0,175,"Texas, US",55,120,1.20688524929529
114783,2112,49120,176,"Argentina",58,118,1.83999372729411
324221,4669,165591,176,"South Africa",56,120,1.44006711471496
38044,492,19393,176,"Andhra Pradesh, India",140,36,1.29323940700242
364706,7489,0,176,"California, US",48,128,2.05343482147264
315775,4677,0,176,"Florida, US",53,123,1.48111788456971
284281,11194,158140,176,"Maharashtra, India",140,36,3.93765323746575
402048,19038,252699,176,"Sao Paulo, Brazil",119,57,4.73525549188157
305854,3657,0,176,"Texas, US",55,121,1.19566852158219
119301,2178,49780,177,"Argentina",58,119,1.8256343199135
337594,4804,178183,177,"South Africa",56,121,1.42301107247167
40646,534,20298,177,"Andhra Pradesh, India",140,37,1.31378241401368
373259,7603,0,177,"California, US",48,129,2.03692342314586
327241,4805,0,177,"Florida, US",53,124,1.46833679153896
292589,11452,160357,177,"Maharashtra, India",140,37,3.91402274179822
407415,19377,255768,177,"Sao Paulo, Brazil",119,58,4.75608409116012
317768,3820,0,177,"Texas, US",55,122,1.20213489086377
122524,2220,52607,178,"Argentina",58,120,1.81188991544514
350879,4948,182230,178,"South Africa",56,122,1.4101727376104
44609,586,21763,178,"Andhra Pradesh, India",140,38,1.3136362617409
380745,7702,0,178,"California, US",48,130,2.02287620323313
337569,4895,0,178,"Florida, US",53,125,1.45007391081527
300937,11596,165663,178,"Maharashtra, India",140,38,3.85329819862629
412027,19647,255768,178,"Sao Paulo, Brazil",119,59,4.76837682967378
327106,3939,0,178,"Texas, US",55,123,1.20419680470551
126755,2260,54105,179,"Argentina",58,121,1.78296714133565
364328,5033,191059,179,"South Africa",56,123,1.38144748687995
49650,642,22890,179,"Andhra Pradesh, India",140,39,1.29305135951662
386906,7715,0,179,"California, US",48,131,1.99402438835273
350047,4982,0,179,"Florida, US",53,126,1.42323745097087
310455,11854,169569,179,"Maharashtra, India",140,39,3.8182667375304
415049,19732,255768,179,"Sao Paulo, Brazil",119,60,4.75413746328747
335257,4012,0,179,"Texas, US",55,124,1.19669387962071
130774,2373,55913,180,"Argentina",58,122,1.81458087999144
373628,5173,194865,180,"South Africa",56,124,1.38453220850686
53724,696,24228,180,"Andhra Pradesh, India",140,40,1.29551038641948
397870,7770,0,180,"California, US",48,132,1.95289918817704
360394,5072,0,180,"Florida, US",53,127,1.40734862400595
318695,12030,175029,180,"Maharashtra, India",140,40,3.77476897974553
416434,19788,282391,180,"Sao Paulo, Brazil",119,61,4.75177339026112
343783,4106,0,180,"Texas, US",55,125,1.19435806889811
136118,2490,58598,181,"Argentina",58,123,1.82929517036689
381798,5368,208144,181,"South Africa",56,125,1.40597907794174
58668,758,25574,181,"Andhra Pradesh, India",140,41,1.2920160905434
409305,7888,0,181,"California, US",48,133,1.9271692258829
369834,5206,0,181,"Florida, US",53,128,1.40765857114273
327031,12276,182217,181,"Maharashtra, India",140,41,3.75377257813479
422669,20171,290346,181,"Sao Paulo, Brazil",119,62,4.77229226652534
351071,4199,0,181,"Texas, US",55,126,1.1960543593746
141900,2588,60531,182,"Argentina",58,124,1.82381959126145
394948,5940,229175,182,"South Africa",56,126,1.50399546269382
64713,823,32127,182,"Andhra Pradesh, India",140,42,1.2717691962975
421286,8047,0,182,"California, US",48,134,1.91010382495502
379619,5345,0,182,"Florida, US",53,129,1.40799064325021
337607,12556,187769,182,"Maharashtra, India",140,42,3.71911719839932
439446,20532,299647,182,"Sao Paulo, Brazil",119,63,4.67224641935528
363615,4439,0,182,"Texas, US",55,127,1.22079672180741
148027,2702,62815,183,"Argentina",58,125,1.82534267397164
408052,6093,236260,183,"South Africa",56,127,1.49319204415124
72711,884,37555,183,"Andhra Pradesh, India",140,43,1.21577202899149
430773,8201,0,183,"California, US",48,135,1.90378691329308
389868,5518,0,183,"Florida, US",53,130,1.41535083669345
347502,12854,194253,183,"Maharashtra, India",140,43,3.6989715167107
452007,20894,299647,183,"Sao Paulo, Brazil",119,64,4.62249478437281
373037,4622,0,183,"Texas, US",55,128,1.23901918576441
153520,2807,65447,184,"Argentina",58,126,1.828426263679
421996,6343,245771,184,"South Africa",56,128,1.50309481606461
80858,933,39935,184,"Andhra Pradesh, India",140,44,1.15387469390784
440185,8337,0,184,"California, US",48,136,1.89397639628792
402312,5653,0,184,"Florida, US",53,131,1.40512835809024
357117,13132,199967,184,"Maharashtra, India",140,44,3.67722623117914
463218,21206,302176,184,"Sao Paulo, Brazil",119,65,4.5779740856357
380364,4790,0,184,"Texas, US",55,129,1.25932001977054
158334,2893,68022,185,"Argentina",58,127,1.82715020147284
434200,6655,263054,185,"South Africa",56,129,1.53270382312298
88671,985,43255,185,"Andhra Pradesh, India",140,45,1.11084796607685
446452,8408,0,185,"California, US",48,137,1.88329316477471
414511,5777,0,185,"Florida, US",53,132,1.39369039663604
366368,13389,207194,185,"Maharashtra, India",140,45,3.65452222901563
479481,21517,319848,185,"Sao Paulo, Brazil",119,66,4.48756050813275
390286,4990,0,185,"Texas, US",55,130,1.27854957646444
162526,2939,70518,186,"Argentina",58,128,1.80832605244699
445433,6769,265077,186,"South Africa",56,130,1.51964492976497
96298,1041,46301,186,"Andhra Pradesh, India",140,46,1.08101933581175
452288,8448,0,186,"California, US",48,138,1.86783642281024
423855,5854,0,186,"Florida, US",53,133,1.38113269868233
375799,13656,213238,186,"Maharashtra, India",140,46,3.63385746103635
483982,21606,328109,186,"Sao Paulo, Brazil",119,67,4.46421561132439
394084,5076,0,186,"Texas, US",55,131,1.28805026339562
167416,3059,72575,187,"Argentina",58,129,1.82718497634635
452529,7067,274925,187,"South Africa",56,131,1.56166787100937
102349,1090,49558,187,"Andhra Pradesh, India",140,47,1.06498353672239
458121,8494,0,187,"California, US",48,139,1.85409531542977
432747,5931,0,187,"Florida, US",53,134,1.37054676288917
383723,13883,221944,187,"Maharashtra, India",140,47,3.61797442425917
487654,21676,337434,187,"Sao Paulo, Brazil",119,68,4.44495482452723
400336,5713,0,187,"Texas, US",55,132,1.42705127692738
173355,3179,75083,188,"Argentina",58,130,1.83380923538404
459761,7257,287313,188,"South Africa",56,132,1.57842879235081
102349,1090,49558,188,"Andhra Pradesh, India",140,48,1.06498353672239
470762,8679,0,188,"California, US",48,140,1.84360674820822
441977,6117,0,188,"Florida, US",53,135,1.38400867013442
383723,13883,221944,188,"Maharashtra, India",140,48,3.61797442425917
487654,21676,337434,188,"Sao Paulo, Brazil",119,69,4.44495482452723
408493,5913,0,188,"Texas, US",55,133,1.44751562450275
178996,3288,77855,189,"Argentina",58,131,1.83691255670518
471123,7497,297967,189,"South Africa",56,133,1.59130418171051
120390,1213,55406,189,"Andhra Pradesh, India",140,49,1.00755876733948
484913,8908,0,189,"California, US",48,141,1.83703056012109
451423,6333,0,189,"Florida, US",53,136,1.40289706107132
400651,14463,239755,189,"Maharashtra, India",140,49,3.60987492855378
514197,22389,344501,189,"Sao Paulo, Brazil",119,70,4.35416776060537
418995,6193,0,189,"Texas, US",55,134,1.47806059738183
185373,3441,80596,190,"Argentina",58,132,1.85625738376139
482169,7812,309601,190,"South Africa",56,134,1.62017881697081
130557,1281,60024,190,"Andhra Pradesh, India",140,50,0.98118063374618
492934,9026,0,190,"California, US",48,142,1.83107677701274
461379,6586,0,190,"Florida, US",53,137,1.42745985404624
411798,14729,248615,190,"Maharashtra, India",140,50,3.57675365106193
529006,22710,349287,190,"Sao Paulo, Brazil",119,71,4.29295697969399
428229,6442,0,190,"Texas, US",55,135,1.50433529723582
191302,3543,83780,191,"Argentina",58,133,1.85204545692152
493183,8005,326171,191,"South Africa",56,135,1.62312975102548
140933,1349,63864,191,"Andhra Pradesh, India",140,51,0.957192424769217
500556,9214,0,191,"California, US",48,143,1.84075308257218
470386,6843,0,191,"Florida, US",53,138,1.45476268426356
422118,14994,256158,191,"Maharashtra, India",140,51,3.55208733103066
542304,22997,351610,191,"Sao Paulo, Brazil",119,72,4.24061043252493
438293,6576,0,191,"Texas, US",55,136,1.50036619339118
196543,3596,86499,192,"Argentina",58,134,1.82962506932325
503290,8153,342461,192,"South Africa",56,136,1.6199407896044
150209,1407,76614,192,"Andhra Pradesh, India",140,52,0.936694871811942
506613,9345,0,192,"California, US",48,144,1.84460327705764
480028,7022,0,192,"Florida, US",53,139,1.4628313348388
431719,15316,266883,192,"Maharashtra, India",140,52,3.54767800351618
552318,23236,363371,192,"Sao Paulo, Brazil",119,73,4.20699669393357
444738,6865,0,192,"Texas, US",55,137,1.5436054486012
201919,3648,89026,193,"Argentina",58,135,1.80666504885622
511485,8366,347227,193,"South Africa",56,137,1.63562958835547
158764,1474,82886,193,"Andhra Pradesh, India",140,53,0.928422060416719
512175,9396,0,193,"California, US",48,145,1.83452921364768
487132,7084,0,193,"Florida, US",53,140,1.45422595928824
441228,15576,276809,193,"Maharashtra, India",140,53,3.53014767875112
558685,23317,369859,193,"Sao Paulo, Brazil",119,74,4.17355039064947
448145,6878,0,193,"Texas, US",55,138,1.53477111202847
206743,3813,91302,194,"Argentina",58,136,1.84431879193008
516862,8539,358037,194,"South Africa",56,138,1.65208508267197
166586,1537,88672,194,"Andhra Pradesh, India",140,54,0.922646560935493
516851,9441,0,194,"California, US",48,146,1.82663862505829
491884,7157,0,194,"Florida, US",53,141,1.45501784973693
450196,15842,287030,194,"Maharashtra, India",140,54,3.51891176287661
560218,23365,378683,194,"Sao Paulo, Brazil",119,75,4.17069783548547
456624,7016,0,194,"Texas, US",55,139,1.53649392059988
213535,3979,94129,195,"Argentina",58,137,1.86339475964128
521318,8884,363751,195,"South Africa",56,139,1.70414219344047
176333,1604,95625,195,"Andhra Pradesh, India",140,55,0.909642551309171
526685,9684,0,195,"California, US",48,147,1.83867017287373
497330,7402,0,195,"Florida, US",53,142,1.48834777712987
457956,16142,299356,195,"Maharashtra, India",140,55,3.52479277485173
575589,23702,383713,195,"Sao Paulo, Brazil",119,76,4.11786882654116
466032,7271,0,195,"Texas, US",55,140,1.5601932914478
220682,4106,96948,196,"Argentina",58,138,1.86059578941645
529877,9298,377266,196,"South Africa",56,140,1.75474685634591
186461,1681,104354,196,"Andhra Pradesh, India",140,56,0.901529006065612
530606,9808,0,196,"California, US",48,148,1.84845252409509
502739,7627,0,196,"Florida, US",53,143,1.51708938435252
468265,16476,305521,196,"Maharashtra, India",140,56,3.51852049587306
585265,24109,387918,196,"Sao Paulo, Brazil",119,77,4.11933055966101
476999,7706,0,196,"Texas, US",55,141,1.6155170136625
228195,4251,99852,197,"Argentina",58,139,1.86288043121015
538184,9604,387316,197,"South Africa",56,141,1.78451979248733
196789,1753,112870,197,"Andhra Pradesh, India",140,57,0.890801823272642
541339,10021,0,197,"California, US",48,149,1.85115057293119
510389,7747,0,197,"Florida, US",53,144,1.51786186614523
479779,16792,316375,197,"Maharashtra, India",140,57,3.49994476623612
598670,24448,390601,197,"Sao Paulo, Brazil",119,78,4.08371891025106
483920,8569,0,197,"Texas, US",55,142,1.77074723094726
235677,4411,103297,198,"Argentina",58,140,1.87162939107338
545476,9909,394759,198,"South Africa",56,142,1.81657854791045
206960,1842,120464,198,"Andhra Pradesh, India",140,58,0.890027058368767
546814,10133,0,198,"California, US",48,150,1.85309812843124
518075,7927,0,198,"Florida, US",53,145,1.53008734256623
490262,17092,327281,198,"Maharashtra, India",140,58,3.48629916248863
608379,24735,391699,198,"Sao Paulo, Brazil",119,79,4.06572218962193
491304,8847,0,198,"Texas, US",55,143,1.80071808900396
241811,4523,108242,199,"Argentina",58,141,1.87046908536005
553188,10210,404568,199,"South Africa",56,143,1.84566548804385
217040,1939,129615,199,"Andhra Pradesh, India",140,59,0.893383708072245
554388,10307,0,199,"California, US",48,151,1.85916722584183
526577,8109,0,199,"Florida, US",53,146,1.53994572493671
503084,17367,338362,199,"Maharashtra, India",140,59,3.45210740154726
621731,25016,397653,199,"Sao Paulo, Brazil",119,80,4.02360506392636
497632,9058,0,199,"Texas, US",55,144,1.82022056459392
246499,4606,108242,200,"Argentina",58,142,1.8685674181234
559859,10408,411474,200,"South Africa",56,144,1.85903950816188
227860,2036,138712,200,"Andhra Pradesh, India",140,60,0.893531115597296
559746,10377,0,200,"California, US",48,152,1.85387657973438
532806,8186,0,200,"Florida, US",53,147,1.53639410967594
515332,17757,351710,200,"Maharashtra, India",140,60,3.44573983373825
627126,25114,414332,200,"Sao Paulo, Brazil",119,81,4.00461789177932
503328,9157,0,200,"Texas, US",55,145,1.81929080043232
253868,4764,108242,201,"Argentina",58,143,1.87656577433942
563598,10621,417200,201,"South Africa",56,145,1.88449923527053
235525,2116,145636,201,"Andhra Pradesh, India",140,61,0.898418426918586
574231,10476,0,201,"California, US",48,153,1.82435291720579
536961,8277,0,201,"Florida, US",53,148,1.54145273120394
524513,18050,358421,201,"Maharashtra, India",140,61,3.44128744187465
628415,25151,426856,201,"Sao Paulo, Brazil",119,82,4.00229147935679
509581,9230,0,201,"Texas, US",55,146,1.81129202226928
260911,5004,181389,202,"Argentina",58,144,1.91789537428472
566109,10751,426125,202,"South Africa",56,146,1.89910423611001
244549,2203,154749,202,"Andhra Pradesh, India",140,62,0.900841958053396
578946,10523,0,202,"California, US",48,154,1.81761338708619
542792,8553,0,202,"Florida, US",53,149,1.57574172058542
535601,18306,368435,202,"Maharashtra, India",140,62,3.41784275981561
639562,25571,437647,202,"Sao Paulo, Brazil",119,83,3.99820502156163
517700,9222,0,202,"Texas, US",55,147,1.78134054471702
268574,5213,187283,203,"Argentina",58,145,1.94099205433139
568919,11010,432029,203,"South Africa",56,147,1.9352491303683
254146,2296,161425,203,"Andhra Pradesh, India",140,63,0.903417720522849
591376,10753,0,203,"California, US",48,155,1.81830172343822
550901,8765,0,203,"Florida, US",53,150,1.5910299672718
548313,18650,381843,203,"Maharashtra, India",140,63,3.40134193426018
655181,25869,453612,203,"Sao Paulo, Brazil",119,84,3.94837457130167
523977,9527,0,203,"Texas, US",55,148,1.81820957790132
276072,5362,192434,204,"Argentina",58,146,1.942246950071
572865,11270,437617,204,"South Africa",56,148,1.96730468784094
264142,2378,170984,204,"Andhra Pradesh, India",140,64,0.900273337825866
597984,10870,0,204,"California, US",48,156,1.8177743886124
557137,8913,0,204,"Florida, US",53,151,1.59978604903282
560126,19063,390958,204,"Maharashtra, India",140,64,3.40334139104416
674455,26324,457758,204,"Sao Paulo, Brazil",119,85,3.90300316551883
530857,9771,0,204,"Texas, US",55,149,1.84060867615949
282437,5527,199005,205,"Argentina",58,147,1.95689658224666
579140,11556,461734,205,"South Africa",56,149,1.9953724488034
273085,2475,180703,205,"Andhra Pradesh, India",140,65,0.906311221780764
613101,11148,0,205,"California, US",48,157,1.81829747464121
563285,9141,0,205,"Florida, US",53,152,1.62280195638087
572734,19427,401442,205,"Maharashtra, India",140,65,3.39197603075773
686122,26613,457758,205,"Sao Paulo, Brazil",119,86,3.87875625617602
539673,10078,0,205,"Texas, US",55,150,1.86742712716775
289100,5637,205697,206,"Argentina",58,148,1.94984434451747
583653,11677,466941,206,"South Africa",56,150,2.00067505863929
281817,2562,191117,206,"Andhra Pradesh, India",140,66,0.909100586550847
617994,11218,0,206,"California, US",48,158,1.81522797955967
569637,9345,0,206,"Florida, US",53,153,1.64051843542467
584754,19749,408286,206,"Maharashtra, India",140,66,3.37731764126453
697530,26780,473521,206,"Sao Paulo, Brazil",119,87,3.83926139377518
546552,10268,0,206,"Texas, US",55,151,1.87868674892782
294569,5703,211702,207,"Argentina",58,149,1.93604893929775
587345,11839,472377,207,"South Africa",56,151,2.01568073278908
289829,2650,201234,207,"Andhra Pradesh, India",140,67,0.914332244185364
623873,11243,0,207,"California, US",48,159,1.80212960009489
573416,9452,0,207,"Florida, US",53,154,1.6483669796448
595865,20037,417123,207,"Maharashtra, India",140,67,3.36267443128897
699493,26852,487345,207,"Sao Paulo, Brazil",119,88,3.83878037378501
555394,10396,0,207,"Texas, US",55,152,1.87182432651415
299126,5814,217850,208,"Argentina",58,150,1.94366253685738
589886,11982,477671,208,"South Africa",56,152,2.03123993449582
296609,2732,209100,208,"Andhra Pradesh, India",140,68,0.921077917392931
629415,11296,0,208,"California, US",48,160,1.79468236378224
576094,9539,0,208,"Florida, US",53,155,1.65580617052078
604358,20265,428514,208,"Maharashtra, India",140,68,3.35314499022103
702665,26899,502107,208,"Sao Paulo, Brazil",119,89,3.82814000981976
561110,10447,0,208,"Texas, US",55,153,1.86184527098073
305966,6048,223531,209,"Argentina",58,151,1.97669022048201
592144,12264,485468,209,"South Africa",56,153,2.07111783620201
306261,2820,218311,209,"Andhra Pradesh, India",140,69,0.920783253499466
638140,11504,0,209,"California, US",48,161,1.80273921083148
579932,9758,0,209,"Florida, US",53,156,1.68261106474552
615477,20687,437870,209,"Maharashtra, India",140,69,3.3611329099219
711530,27315,514989,209,"Sao Paulo, Brazil",119,90,3.83891051677371
568812,10678,0,209,"Texas, US",55,154,1.87724590901739
312659,6330,228725,210,"Argentina",58,152,2.02456989883547
596060,12423,491441,210,"South Africa",56,154,2.08418615575613
316003,2906,226372,210,"Andhra Pradesh, India",140,70,0.919611522675418
647274,11690,0,210,"California, US",48,162,1.80603577464876
584047,9932,0,210,"Florida, US",53,157,1.7005480723298
628642,21033,446881,210,"Maharashtra, India",140,70,3.34578345067622
721377,27591,524727,210,"Sao Paulo, Brazil",119,91,3.82476846364661
574633,10934,0,210,"Texas, US",55,155,1.90277968720905
320884,6517,233651,211,"Argentina",58,153,2.0309519951135
599940,12618,497169,211,"South Africa",56,155,2.1032103210321
325396,3001,235218,211,"Andhra Pradesh, India",140,71,0.922260875978807
652267,11810,0,211,"California, US",48,163,1.81060823251828
588602,10049,0,211,"Florida, US",53,158,1.7072656905685
643289,21359,459124,211,"Maharashtra, India",140,71,3.32028062037436
730828,27905,530780,211,"Sao Paulo, Brazil",119,92,3.81827187792477
579892,11174,0,211,"Texas, US",55,156,1.92691052816731
329043,6730,239806,212,"Argentina",58,154,2.04532538300465
603338,12843,500102,212,"South Africa",56,156,2.1286575683945
334940,3092,244045,212,"Andhra Pradesh, India",140,72,0.923150414999701
658900,11946,0,212,"California, US",48,164,1.81302170283806
593286,10168,0,212,"Florida, US",53,159,1.71384458760193
657450,21698,470873,212,"Maharashtra, India",140,72,3.30032702106624
735960,28155,530780,212,"Sao Paulo, Brazil",119,93,3.82561552258275
585632,11418,0,212,"Texas, US",55,157,1.94968854160975
336802,6848,245781,213,"Argentina",58,155,2.03324208288549
607045,12987,504127,213,"South Africa",56,157,2.13938011185332
345216,3189,252638,213,"Andhra Pradesh, India",140,73,0.923769466073415
664435,12131,0,213,"California, US",48,165,1.825761737416
597597,10274,0,213,"Florida, US",53,160,1.71921880464594
671942,21995,480114,213,"Maharashtra, India",140,73,3.27334799729739
749244,28392,547197,213,"Sao Paulo, Brazil",119,94,3.78941973509297
589349,11581,0,213,"Texas, US",55,158,1.965049571646
342154,6985,251400,214,"Argentina",58,156,2.04147839861583
609773,13059,506470,214,"South Africa",56,158,2.14161663438689
353111,3282,260087,214,"Andhra Pradesh, India",140,74,0.929452778304839
669280,12153,0,214,"California, US",48,166,1.8158319387999
600571,10325,0,214,"Florida, US",53,161,1.71919723063551
682383,22253,488271,214,"Maharashtra, India",140,74,3.26107186140335
754129,28467,556798,214,"Sao Paulo, Brazil",119,95,3.77481836661897
594173,11699,0,214,"Texas, US",55,159,1.96895516962232
350867,7366,256789,215,"Argentina",58,157,2.09937098672716
611450,13159,516494,215,"South Africa",56,159,2.1520974732194
361712,3368,268828,215,"Andhra Pradesh, India",140,75,0.931127526872208
675561,12235,0,215,"California, US",48,167,1.81108737774975
602829,10397,0,215,"Florida, US",53,162,1.7247013663908
693398,22465,502490,215,"Maharashtra, India",140,75,3.23984205319312
756480,28505,570165,215,"Sao Paulo, Brazil",119,96,3.76811019458545
598450,11749,0,215,"Texas, US",55,160,1.96323836577826
359638,7563,263202,216,"Argentina",58,158,2.10294796434192
613017,13308,520381,216,"South Africa",56,160,2.17090227514082
361712,3368,268828,216,"Andhra Pradesh, India",140,76,0.931127526872208
681032,12382,0,216,"California, US",48,168,1.81812308379048
605502,10580,0,216,"Florida, US",53,163,1.74731049608424
703823,22794,514790,216,"Maharashtra, India",140,76,3.23859834077602
765670,28912,579467,216,"Sao Paulo, Brazil",119,97,3.77603928585422
604328,11935,0,216,"Texas, US",55,161,1.97492090388001
370188,7839,268801,217,"Argentina",58,159,2.11757269279393
615701,13502,525242,217,"South Africa",56,161,2.19294755084042
382469,3541,286720,217,"Andhra Pradesh, India",140,77,0.925826668305144
687004,12532,0,217,"California, US",48,169,1.82415240668177
608722,10733,0,217,"Florida, US",53,164,1.76320224995975
718711,23089,522427,217,"Maharashtra, India",140,77,3.21255692482792
776135,29194,592537,217,"Sao Paulo, Brazil",119,98,3.76145902452537
610648,12140,0,217,"Texas, US",55,162,1.98805203652513
380292,8050,274458,218,"Argentina",58,160,2.11679446320196
618286,13628,531338,218,"South Africa",56,162,2.20415794632258
393090,3633,295248,218,"Andhra Pradesh, India",140,78,0.924215828436236
691821,12677,0,218,"California, US",48,170,1.83241040673816
611991,10868,0,218,"Florida, US",53,165,1.77584310880389
733568,23444,531563,218,"Maharashtra, India",140,78,3.19588640725877
784453,29415,597711,218,"Sao Paulo, Brazil",119,99,3.74974663874063
614549,12365,0,218,"Texas, US",55,163,2.01204460506811
392009,8271,280165,219,"Argentina",58,161,2.10990053799785
620132,13743,533935,219,"South Africa",56,163,2.21614107964111
403616,3714,303711,219,"Andhra Pradesh, India",140,79,0.920181558709268
697385,12805,0,219,"California, US",48,171,1.83614502749557
615806,10957,0,219,"Florida, US",53,166,1.77929412834562
747995,23775,543170,219,"Maharashtra, India",140,79,3.1784971824678
796209,29694,598721,219,"Sao Paulo, Brazil",119,100,3.72942280230442
619354,12537,0,219,"Texas, US",55,164,2.02420586611211
401239,8353,287220,220,"Argentina",58,162,2.08180161948365
622551,13981,536694,220,"South Africa",56,164,2.2457597851421
414164,3796,312687,220,"Andhra Pradesh, India",140,80,0.91654513670913
702038,12894,0,220,"California, US",48,172,1.8366527168045
619003,11105,0,220,"Florida, US",53,167,1.7940139223881
764281,24103,554711,220,"Maharashtra, India",140,80,3.15368300402601
801422,29944,609618,220,"Sao Paulo, Brazil",119,101,3.73635862254842
626751,12607,0,220,"Texas, US",55,165,2.01148462467551
408426,8457,294007,221,"Argentina",58,163,2.07063213409528
625056,14028,538604,221,"South Africa",56,165,2.24427891260943
424767,3884,321754,221,"Andhra Pradesh, India",140,81,0.914383650330652
705951,12937,0,221,"California, US",48,173,1.83256344987117
621586,11119,0,221,"Florida, US",53,168,1.78881120231151
780689,24399,562401,221,"Maharashtra, India",140,81,3.12531622707634
803404,29978,625203,221,"Sao Paulo, Brazil",119,102,3.73137300785159
629570,12683,0,221,"Texas, US",55,166,2.01454961322808
417735,8660,301195,222,"Argentina",58,164,2.07308461105725
627041,14149,540923,222,"South Africa",56,166,2.25647126742908
434771,3969,330526,222,"Andhra Pradesh, India",140,82,0.912894374279793
712475,13022,0,222,"California, US",48,174,1.8277132530966
623471,11187,0,222,"Florida, US",53,169,1.794309599003
792541,24583,573559,222,"Maharashtra, India",140,82,3.10179536453004
804342,30014,644441,222,"Sao Paulo, Brazil",119,103,3.73149729841286
632739,12779,0,222,"Texas, US",55,167,2.01963210739341
428239,8919,308376,223,"Argentina",58,165,2.08271549298406
628259,14263,549993,223,"South Africa",56,167,2.27024204985524
445139,4053,339876,223,"Andhra Pradesh, India",140,83,0.910502112823185
715617,13150,0,223,"California, US",48,175,1.83757512747741
631040,11374,0,223,"Florida, US",53,170,1.80242139959432
808306,24903,584537,223,"Maharashtra, India",140,83,3.08088768362477
814375,30375,655747,223,"Sao Paulo, Brazil",119,104,3.72985418265541
637721,12919,0,223,"Texas, US",55,168,2.02580752397992
439172,9118,315530,224,"Argentina",58,166,2.07617972001858
630595,14389,553456,224,"South Africa",56,168,2.28181320816055
455531,4125,348330,224,"Andhra Pradesh, India",140,84,0.905536615510251
721281,13317,0,224,"California, US",48,176,1.84629846065542
633442,11501,0,224,"Florida, US",53,171,1.81563584353421
825739,25195,598496,224,"Maharashtra, India",140,84,3.05120625282323
826331,30673,666857,224,"Sao Paulo, Brazil",119,105,3.7119507800143
641855,13104,0,224,"Texas, US",55,169,2.04158260043156
451198,9361,322461,225,"Argentina",58,167,2.07469891267249
633015,14563,554887,225,"South Africa",56,169,2.30057739548036
465730,4200,358009,225,"Andhra Pradesh, India",140,85,0.901810061623687
726018,13493,0,225,"California, US",48,177,1.85849386654325
637013,11650,0,225,"Florida, US",53,172,1.82884807688383
843844,25586,612484,225,"Maharashtra, India",140,85,3.03207701897507
837978,30905,668588,225,"Sao Paulo, Brazil",119,106,3.68804431619923
645422,13296,0,225,"Texas, US",55,170,2.06004753479119
461882,9623,331621,226,"Argentina",58,168,2.08343256502743
635078,14678,557818,226,"South Africa",56,170,2.31121216606464
476506,4276,370163,226,"Andhra Pradesh, India",140,86,0.897365405682195
730662,13638,0,226,"California, US",48,178,1.86652651978617
640211,11750,0,226,"Florida, US",53,173,1.83533241384481
863062,25964,625773,226,"Maharashtra, India",140,86,3.00835861154819
845016,31091,671574,226,"Sao Paulo, Brazil",119,107,3.67933861607354
651350,13426,0,226,"Texas, US",55,171,2.06125738850081
471806,9739,340381,227,"Argentina",58,169,2.06419587711899
636884,14779,561204,227,"South Africa",56,171,2.32051676600448
487331,4347,382104,227,"Andhra Pradesh, India",140,87,0.89200153489107
735314,13709,0,227,"California, US",48,179,1.8643735873382
643867,11811,0,227,"Florida, US",53,174,1.83438505157121
883862,26276,636574,227,"Maharashtra, India",140,87,2.97286227940561
853085,31313,680217,227,"Sao Paulo, Brazil",119,108,3.67056037792248
655815,13576,0,227,"Texas, US",55,172,2.07009598743548
478792,9859,349132,228,"Argentina",58,170,2.05914050360073
638517,14889,563891,228,"South Africa",56,172,2.33180948980215
498125,4417,394019,228,"Andhra Pradesh, India",140,88,0.8867252195734
738856,13731,0,228,"California, US",48,180,1.85841354743008
646431,11849,0,228,"Florida, US",53,175,1.83298758877591
907212,26604,644400,228,"Maharashtra, India",140,88,2.93250089284533
855722,31353,690024,228,"Sao Paulo, Brazil",119,109,3.66392356396119
658202,13654,0,228,"Texas, US",55,173,2.07443915393755
488007,10129,357388,229,"Argentina",58,171,2.07558498136297
639362,15004,566555,229,"South Africa",56,173,2.34671438089846
506493,4487,404074,229,"Andhra Pradesh, India",140,89,0.885895757690629
740965,13758,0,229,"California, US",48,181,1.85676786352932
648269,11871,0,229,"Florida, US",53,176,1.8311842768974
923641,27027,659322,229,"Maharashtra, India",140,89,2.9261368865176
857330,31377,699451,229,"Sao Paulo, Brazil",119,110,3.65985093254639
659041,13697,0,229,"Texas, US",55,174,2.07832289645106
500034,10405,366590,230,"Argentina",58,172,2.08085850162189
640441,15086,567729,230,"South Africa",56,174,2.35556436892704
517094,4560,415765,230,"Andhra Pradesh, India",140,90,0.88185126882153
744344,13823,0,230,"California, US",48,182,1.85707146158228
650092,11915,0,230,"Florida, US",53,177,1.83281750890643
943772,27407,672556,230,"Maharashtra, India",140,90,2.90398528458145
858783,31430,704530,230,"Sao Paulo, Brazil",119,111,3.65983024815349
662427,13792,0,230,"Texas, US",55,175,2.08204073807378
512293,10658,382490,231,"Argentina",58,173,2.08045005494902
642431,15168,569935,231,"South Africa",56,175,2.36103176839225
527512,4634,425607,231,"Andhra Pradesh, India",140,91,0.878463428320114
747290,13983,0,231,"California, US",48,183,1.87116112887902
652259,12110,0,231,"Florida, US",53,178,1.85662443906485
967349,27787,686462,231,"Maharashtra, India",140,91,2.8724896598849
866576,31821,717423,231,"Sao Paulo, Brazil",119,112,3.67203799782131
667500,13923,0,231,"Texas, US",55,176,2.08584269662921
524198,10907,390098,232,"Argentina",58,174,2.0807023300356
644438,15265,573003,232,"South Africa",56,176,2.36873058385756
537687,4702,435647,232,"Andhra Pradesh, India",140,92,0.874486457734704
750961,14077,0,232,"California, US",48,184,1.87453143372292
654731,12326,0,232,"Florida, US",53,179,1.88260522260287
990795,28282,700715,232,"Maharashtra, India",140,92,2.85447544648489
874754,32104,722025,232,"Sao Paulo, Brazil",119,113,3.67006038269045
669592,13930,0,232,"Texas, US",55,177,2.08037133060132
535705,11148,400121,233,"Argentina",58,175,2.08099607059856
646398,15378,574587,233,"South Africa",56,177,2.37902963808675
547686,4779,446716,233,"Andhra Pradesh, India",140,93,0.872580274098662
754905,14230,0,233,"California, US",48,185,1.88500539803022
658381,12502,0,233,"Florida, US",53,180,1.89890048467377
1015681,28724,715023,233,"Maharashtra, India",140,93,2.82805329626133
882809,32338,724142,233,"Sao Paulo, Brazil",119,114,3.66308000937915
675034,14227,0,233,"Texas, US",55,178,2.10759754323486
546481,11263,409771,234,"Argentina",58,176,2.06100486567694
648214,15427,576423,234,"South Africa",56,178,2.37992391401605
557587,4846,457008,234,"Andhra Pradesh, India",140,94,0.869102041475142
758933,14327,0,234,"California, US",48,186,1.88778192541371
661571,12600,0,234,"Florida, US",53,181,1.90455748513765
1037765,29115,728512,234,"Maharashtra, India",140,94,2.80554846232047
890690,32567,733103,234,"Sao Paulo, Brazil",119,115,3.65637876253242
677716,14332,0,234,"Texas, US",55,179,2.11475013132345
555537,11352,419513,235,"Argentina",58,177,2.04342825050357
649793,15447,577906,235,"South Africa",56,179,2.37721859115134
557587,4846,457008,235,"Andhra Pradesh, India",140,95,0.869102041475142
761728,14378,0,235,"California, US",48,187,1.88755041169551
663994,12608,0,235,"Florida, US",53,182,1.89881233866571
1037765,29115,728512,235,"Maharashtra, India",140,95,2.80554846232047
892257,32606,733103,235,"Sao Paulo, Brazil",119,116,3.65432829330563
681885,14405,0,235,"Texas, US",55,180,2.11252630575537
565446,11667,428953,236,"Argentina",58,178,2.06332700204794
650749,15499,579289,236,"South Africa",56,180,2.38171706756368
567123,4912,467139,236,"Andhra Pradesh, India",140,96,0.866126043204032
765134,14439,0,236,"California, US",48,188,1.8871204259646
665730,12642,0,236,"Florida, US",53,183,1.89896805011041
1060308,29531,740061,236,"Maharashtra, India",140,96,2.78513413083745
893349,32642,751811,236,"Sao Paulo, Brazil",119,117,3.65389114444635
685748,14451,0,236,"Texas, US",55,181,2.1073338894171
577338,11852,438883,237,"Argentina",58,179,2.05287024238834
651521,15641,583126,237,"South Africa",56,181,2.40069007752628
583925,5041,486531,237,"Andhra Pradesh, India",140,97,0.863295799974312
768204,14594,0,237,"California, US",48,189,1.89975579403388
668846,12787,0,237,"Florida, US",53,184,1.91180032473843
1097856,30409,775273,237,"Maharashtra, India",140,97,2.76985324122654
901271,32963,763246,237,"Sao Paulo, Brazil",119,118,3.65739050740565
692753,14593,0,237,"Texas, US",55,182,2.10652281549124
589012,12116,448263,238,"Argentina",58,180,2.05700393200818
653444,15705,584195,238,"South Africa",56,182,2.40341942079199
583925,5041,486531,238,"Andhra Pradesh, India",140,98,0.863295799974312
771321,14691,0,238,"California, US",48,190,1.90465448237504
671201,12939,0,238,"Florida, US",53,185,1.92773848668283
1097856,30409,775273,238,"Maharashtra, India",140,98,2.76985324122654
909428,33253,768169,238,"Sao Paulo, Brazil",119,119,3.65647417937429
696807,14738,0,238,"Texas, US",55,183,2.11507634108153
601713,12460,456347,239,"Argentina",58,181,2.07075466210635
655572,15772,585303,239,"South Africa",56,183,2.40583795525129
592760,5105,497376,239,"Andhra Pradesh, India",140,99,0.861225453809299
775037,14804,0,239,"California, US",48,191,1.91010235640363
674456,13086,0,239,"Florida, US",53,186,1.94023034860688
1121221,30883,792832,239,"Maharashtra, India",140,99,2.75440791779676
916821,33472,768169,239,"Sao Paulo, Brazil",119,120,3.65087623429219
701350,14826,0,239,"Texas, US",55,184,2.11392314821416
613658,12656,467286,240,"Argentina",58,182,2.06238654103752
657627,15857,586844,240,"South Africa",56,184,2.4112452803793
601462,5177,508088,240,"Andhra Pradesh, India",140,100,0.860736006597258
779491,14893,0,240,"California, US",48,192,1.91060576709673
677660,13225,0,240,"Florida, US",53,187,1.95156863323791
1145840,31351,812354,240,"Maharashtra, India",140,100,2.73607135376667
924532,33678,770664,240,"Sao Paulo, Brazil",119,121,3.64270787814808
704563,14951,0,240,"Texas, US",55,185,2.1220245740977
622934,12799,478077,241,"Argentina",58,183,2.05463179084783
659656,15940,589434,241,"South Africa",56,185,2.416410977843
609558,5244,519891,241,"Andhra Pradesh, India",140,101,0.860295492799701
783313,15018,0,241,"California, US",48,193,1.91724125604963
681233,13287,0,241,"Florida, US",53,188,1.95043399248128
1167496,31791,834432,241,"Maharashtra, India",140,101,2.72300718803319
931673,33927,780448,241,"Sao Paulo, Brazil",119,122,3.64151370706246
707940,15051,0,241,"Texas, US",55,186,2.12602762946012
631365,13053,488231,242,"Argentina",58,184,2.06742534033404
661211,15953,590071,242,"South Africa",56,186,2.41269428367042
617776,5302,530711,242,"Andhra Pradesh, India",140,102,0.858239879826992
786168,15016,0,242,"California, US",48,194,1.91002432050147
683754,13296,0,242,"Florida, US",53,189,1.9445590080643
1188015,32216,857933,242,"Maharashtra, India",140,102,2.71175027251339
935300,33952,792379,242,"Sao Paulo, Brazil",119,123,3.6300652197156
713007,15088,0,242,"Texas, US",55,187,2.11610825700168
640147,13482,508563,243,"Argentina",58,185,2.1060787600348
661936,15992,591208,243,"South Africa",56,187,2.41594353532668
625514,5359,541319,243,"Andhra Pradesh, India",140,103,0.856735420789942
790096,15056,0,243,"California, US",48,195,1.90559121929487
685439,13317,0,243,"Florida, US",53,190,1.94284247030006
1208642,32671,884341,243,"Maharashtra, India",140,103,2.70311639013041
937332,33984,803994,243,"Sao Paulo, Brazil",119,124,3.6256097092599
734778,15127,0,243,"Texas, US",55,188,2.05871705467502
652174,13952,517228,244,"Argentina",58,186,2.13930638142582
663282,16118,592904,244,"South Africa",56,188,2.4300372993689
631749,5410,551821,244,"Andhra Pradesh, India",140,104,0.856352760352608
793065,15189,0,244,"California, US",48,196,1.91522762951334
687909,13416,0,244,"Florida, US",53,191,1.95025795563076
1224380,33015,916348,244,"Maharashtra, India",140,104,2.69646678318823
945422,34266,803994,244,"Sao Paulo, Brazil",119,125,3.62441322499371
741663,15229,0,244,"Texas, US",55,189,2.05335846604185
664799,14376,525486,245,"Argentina",58,187,2.16245812644123
665188,16206,594229,245,"South Africa",56,189,2.43630372165463
639302,5461,562376,245,"Andhra Pradesh, India",140,105,0.854212875917798
796436,15291,0,245,"California, US",48,197,1.91992828048958
690499,13618,0,245,"Florida, US",53,192,1.97219691846042
1242770,33407,936554,245,"Maharashtra, India",140,105,2.68810801676899
945422,34266,818593,245,"Sao Paulo, Brazil",119,126,3.62441322499371
742913,15372,0,245,"Texas, US",55,190,2.06915210798573
